id	evidence_level	source_type	publisher	title	published_or_as_of	url	claims_supported	notes
M01	B	market_data	Yahoo Finance	Alphabet trailingMarketCap timeseries	2026-06-10	https://query2.finance.yahoo.com/ws/fundamentals-timeseries/v1/finance/timeseries/GOOG?symbol=GOOG&type=trailingMarketCap&period1=1780876800&period2=1781222400	Alphabet historical market capitalization	USD 4,329.2138bn; whole-company value indexed by GOOG
M02	B	market_data	Yahoo Finance	Amazon trailingMarketCap timeseries	2026-06-10	https://query2.finance.yahoo.com/ws/fundamentals-timeseries/v1/finance/timeseries/AMZN?symbol=AMZN&type=trailingMarketCap&period1=1780876800&period2=1781222400	Amazon historical market capitalization	USD 2,560.1920bn
M03	B	market_data	Yahoo Finance	Meta Platforms trailingMarketCap timeseries	2026-06-10	https://query2.finance.yahoo.com/ws/fundamentals-timeseries/v1/finance/timeseries/META?symbol=META&type=trailingMarketCap&period1=1780876800&period2=1781222400	Meta Platforms historical market capitalization	USD 1,449.3889bn
M04	B	market_data	Yahoo Finance	Netflix trailingMarketCap timeseries	2026-06-10	https://query2.finance.yahoo.com/ws/fundamentals-timeseries/v1/finance/timeseries/NFLX?symbol=NFLX&type=trailingMarketCap&period1=1780876800&period2=1781222400	Netflix historical market capitalization	USD 345.2855bn
M05	B	market_data	Yahoo Finance	AppLovin trailingMarketCap timeseries	2026-06-10	https://query2.finance.yahoo.com/ws/fundamentals-timeseries/v1/finance/timeseries/APP?symbol=APP&type=trailingMarketCap&period1=1780876800&period2=1781222400	AppLovin historical market capitalization	USD 165.6115bn
M06	B	market_data	Yahoo Finance	Uber trailingMarketCap timeseries	2026-06-10	https://query2.finance.yahoo.com/ws/fundamentals-timeseries/v1/finance/timeseries/UBER?symbol=UBER&type=trailingMarketCap&period1=1780876800&period2=1781222400	Uber historical market capitalization	USD 139.6624bn
M07	B	market_data	Yahoo Finance	Booking Holdings trailingMarketCap timeseries	2026-06-10	https://query2.finance.yahoo.com/ws/fundamentals-timeseries/v1/finance/timeseries/BKNG?symbol=BKNG&type=trailingMarketCap&period1=1780876800&period2=1781222400	Booking Holdings historical market capitalization	USD 124.4765bn
M08	B	market_data	Yahoo Finance	Cloudflare trailingMarketCap timeseries	2026-06-10	https://query2.finance.yahoo.com/ws/fundamentals-timeseries/v1/finance/timeseries/NET?symbol=NET&type=trailingMarketCap&period1=1780876800&period2=1781222400	Cloudflare historical market capitalization	USD 77.9696bn
M09	B	market_data	Yahoo Finance	Airbnb trailingMarketCap timeseries	2026-06-10	https://query2.finance.yahoo.com/ws/fundamentals-timeseries/v1/finance/timeseries/ABNB?symbol=ABNB&type=trailingMarketCap&period1=1780876800&period2=1781222400	Airbnb historical market capitalization	USD 76.6215bn
M10	B	market_data	Yahoo Finance	DoorDash trailingMarketCap timeseries	2026-06-10	https://query2.finance.yahoo.com/ws/fundamentals-timeseries/v1/finance/timeseries/DASH?symbol=DASH&type=trailingMarketCap&period1=1780876800&period2=1781222400	DoorDash historical market capitalization	USD 65.7935bn
M11	B	market_data	Yahoo Finance	eBay trailingMarketCap timeseries	2026-06-10	https://query2.finance.yahoo.com/ws/fundamentals-timeseries/v1/finance/timeseries/EBAY?symbol=EBAY&type=trailingMarketCap&period1=1780876800&period2=1781222400	eBay historical market capitalization	USD 47.2460bn
M12	B	market_data	Yahoo Finance	Reddit trailingMarketCap timeseries	2026-06-10	https://query2.finance.yahoo.com/ws/fundamentals-timeseries/v1/finance/timeseries/RDDT?symbol=RDDT&type=trailingMarketCap&period1=1780876800&period2=1781222400	Reddit historical market capitalization	USD 33.1520bn
M13	B	market_data	Yahoo Finance	Roblox trailingMarketCap timeseries	2026-06-10	https://query2.finance.yahoo.com/ws/fundamentals-timeseries/v1/finance/timeseries/RBLX?symbol=RBLX&type=trailingMarketCap&period1=1780876800&period2=1781222400	Roblox historical market capitalization	USD 29.7131bn
M14	B	market_data	Yahoo Finance	Expedia Group trailingMarketCap timeseries	2026-06-10	https://query2.finance.yahoo.com/ws/fundamentals-timeseries/v1/finance/timeseries/EXPE?symbol=EXPE&type=trailingMarketCap&period1=1780876800&period2=1781222400	Expedia Group historical market capitalization	USD 26.2776bn
M15	B	market_data	Yahoo Finance	Verisign trailingMarketCap timeseries	2026-06-10	https://query2.finance.yahoo.com/ws/fundamentals-timeseries/v1/finance/timeseries/VRSN?symbol=VRSN&type=trailingMarketCap&period1=1780876800&period2=1781222400	Verisign historical market capitalization	USD 26.2162bn
M16	B	market_data	Yahoo Finance	Akamai Technologies trailingMarketCap timeseries	2026-06-10	https://query2.finance.yahoo.com/ws/fundamentals-timeseries/v1/finance/timeseries/AKAM?symbol=AKAM&type=trailingMarketCap&period1=1780876800&period2=1781222400	Akamai candidate-screen market capitalization	USD 18.8957bn; below rank 15
M17	B	market_data	Yahoo Finance	Roku trailingMarketCap timeseries	2026-06-10	https://query2.finance.yahoo.com/ws/fundamentals-timeseries/v1/finance/timeseries/ROKU?symbol=ROKU&type=trailingMarketCap&period1=1780876800&period2=1781222400	Roku candidate-screen market capitalization	USD 17.2713bn; below rank 15
M18	B	market_data	Yahoo Finance	Pinterest trailingMarketCap timeseries	2026-06-10	https://query2.finance.yahoo.com/ws/fundamentals-timeseries/v1/finance/timeseries/PINS?symbol=PINS&type=trailingMarketCap&period1=1780876800&period2=1781222400	Pinterest candidate-screen market capitalization	USD 12.1946bn; below rank 15
M19	B	market_data	Yahoo Finance	GoDaddy trailingMarketCap timeseries	2026-06-10	https://query2.finance.yahoo.com/ws/fundamentals-timeseries/v1/finance/timeseries/GDDY?symbol=GDDY&type=trailingMarketCap&period1=1780876800&period2=1781222400	GoDaddy candidate-screen market capitalization	USD 10.6299bn; below rank 15
M20	B	market_data	Yahoo Finance	The Trade Desk trailingMarketCap timeseries	2026-06-10	https://query2.finance.yahoo.com/ws/fundamentals-timeseries/v1/finance/timeseries/TTD?symbol=TTD&type=trailingMarketCap&period1=1780876800&period2=1781222400	The Trade Desk candidate-screen market capitalization	USD 9.0684bn; below rank 15
M21	B	market_data	Yahoo Finance	Snap trailingMarketCap timeseries	2026-06-10	https://query2.finance.yahoo.com/ws/fundamentals-timeseries/v1/finance/timeseries/SNAP?symbol=SNAP&type=trailingMarketCap&period1=1780876800&period2=1781222400	Snap candidate-screen market capitalization	USD 8.9155bn; below rank 15
X01	A	exchange	Nasdaq	Alphabet Inc. Class C Capital Stock quote	2026-06-11	https://www.nasdaq.com/market-activity/stocks/goog	Ticker identity, listing and market-cap magnitude cross-check	Official exchange page; live page, not historical ranking input
X02	A	exchange	Nasdaq	Amazon.com Inc. Common Stock quote	2026-06-11	https://www.nasdaq.com/market-activity/stocks/amzn	Ticker identity, listing and market-cap magnitude cross-check	Official exchange page; live page
X03	A	exchange	Nasdaq	Meta Platforms Inc. Class A Common Stock quote	2026-06-11	https://www.nasdaq.com/market-activity/stocks/meta	Ticker identity, listing and market-cap magnitude cross-check	Official exchange page; live page
X04	A	exchange	Nasdaq	Netflix Inc. Common Stock quote	2026-06-11	https://www.nasdaq.com/market-activity/stocks/nflx	Ticker identity, listing and market-cap magnitude cross-check	Official exchange page; live page
X05	A	exchange	Nasdaq	AppLovin Corporation Class A Common Stock quote	2026-06-11	https://www.nasdaq.com/market-activity/stocks/app	Ticker identity, listing and market-cap magnitude cross-check	Official exchange page; live page
X06	A	exchange	New York Stock Exchange	Uber Technologies Inc. quote	2026-06-11	https://www.nyse.com/quote/XNYS:UBER	Ticker identity and listing cross-check	Official exchange page; live page
X07	A	exchange	Nasdaq	Booking Holdings Inc. Common Stock quote	2026-06-11	https://www.nasdaq.com/market-activity/stocks/bkng	Ticker identity, listing and market-cap magnitude cross-check	Official exchange page; live page
X08	A	exchange	New York Stock Exchange	Cloudflare Inc. quote	2026-06-11	https://www.nyse.com/quote/XNYS:NET	Ticker identity and listing cross-check	Official exchange page; live page
X09	A	exchange	Nasdaq	Airbnb Inc. Class A Common Stock quote	2026-06-11	https://www.nasdaq.com/market-activity/stocks/abnb	Ticker identity, listing and market-cap magnitude cross-check	Official exchange page; live page
X10	A	exchange	Nasdaq	DoorDash Inc. Class A Common Stock quote	2026-06-11	https://www.nasdaq.com/market-activity/stocks/dash	Ticker identity, listing and market-cap magnitude cross-check	Official exchange page; live page
X11	A	exchange	Nasdaq	eBay Inc. Common Stock quote	2026-06-11	https://www.nasdaq.com/market-activity/stocks/ebay	Ticker identity, listing and market-cap magnitude cross-check	Official exchange page; live page
X12	A	exchange	New York Stock Exchange	Reddit Inc. quote	2026-06-11	https://www.nyse.com/quote/XNYS:RDDT	Ticker identity and listing cross-check	Official exchange page; live page
X13	A	exchange	New York Stock Exchange	Roblox Corporation quote	2026-06-11	https://www.nyse.com/quote/XNYS:RBLX	Ticker identity and listing cross-check	Official exchange page; live page
X14	A	exchange	Nasdaq	Expedia Group Inc. Common Stock quote	2026-06-11	https://www.nasdaq.com/market-activity/stocks/expe	Ticker identity, listing and market-cap magnitude cross-check	Official exchange page; live page
X15	A	exchange	Nasdaq	Verisign Inc. Common Stock quote	2026-06-11	https://www.nasdaq.com/market-activity/stocks/vrsn	Ticker identity, listing and market-cap magnitude cross-check	Official exchange page; live page
F01	A	regulatory_filing	US Securities and Exchange Commission	Alphabet 2025 Form 10-K	2026-02-05	https://www.sec.gov/Archives/edgar/data/1652044/000165204426000018/goog-20251231.htm	Alphabet legal entity, business mix and three outstanding share classes	Primary filing; supports no-double-count treatment
F02	A	regulatory_filing	US Securities and Exchange Commission	Amazon 2025 Form 10-K	2026-02-06	https://www.sec.gov/Archives/edgar/data/1018724/000101872426000004/amzn-20251231.htm	Amazon legal entity and mixed stores, advertising and AWS business model	Primary filing; supports mixed-business inclusion
F03	A	regulatory_filing	US Securities and Exchange Commission	AppLovin 2025 Form 10-K	2026-02-19	https://www.sec.gov/Archives/edgar/data/1751008/000175100826000010/app-20251231.htm	AppLovin legal entity and advertising platform business	Primary filing
F04	A	regulatory_filing	US Securities and Exchange Commission	Cloudflare 2025 Form 10-K	2026-02-26	https://www.sec.gov/Archives/edgar/data/1477333/000147733326000016/cloud-20251231.htm	Cloudflare legal entity and internet infrastructure platform	Primary filing
F05	A	regulatory_filing	US Securities and Exchange Commission	Verisign 2025 Form 10-K	2026-02-05	https://www.sec.gov/Archives/edgar/data/1014473/000101447326000006/vrsn-20251231.htm	Verisign legal entity and domain-name infrastructure business	Primary filing
D01	C	discovery_dataset	CompaniesMarketCap	Largest internet companies by market capitalization	2026-06-11	https://companiesmarketcap.com/internet/largest-internet-companies-by-market-cap/	Candidate discovery and omitted-company sensitivity check	Not used as the ranking value source; category is broader than this report
